antecedents,consequents,support,confidence,lift
WOODEN HEART CHRISTMAS SCANDINAVIAN,WOODEN STAR CHRISTMAS SCANDINAVIAN,0.02042288695266108,0.7229862475442043,27.197263454068928
WOODEN STAR CHRISTMAS SCANDINAVIAN,WOODEN HEART CHRISTMAS SCANDINAVIAN,0.02042288695266108,0.7682672233820459,27.197263454068928
PINK REGENCY TEACUP AND SAUCER,"GREEN REGENCY TEACUP AND SAUCER, ROSES REGENCY TEACUP AND SAUCER ",0.027304511904101228,0.7008547008547009,18.041001221001224
"GREEN REGENCY TEACUP AND SAUCER, ROSES REGENCY TEACUP AND SAUCER ",PINK REGENCY TEACUP AND SAUCER,0.027304511904101228,0.702857142857143,18.041001221001224
"PINK REGENCY TEACUP AND SAUCER, ROSES REGENCY TEACUP AND SAUCER ",GREEN REGENCY TEACUP AND SAUCER,0.027304511904101228,0.9027522935779817,17.453533881954563
GREEN REGENCY TEACUP AND SAUCER,"PINK REGENCY TEACUP AND SAUCER, ROSES REGENCY TEACUP AND SAUCER ",0.027304511904101228,0.5278969957081545,17.453533881954563
ROSES REGENCY TEACUP AND SAUCER ,"GREEN REGENCY TEACUP AND SAUCER, PINK REGENCY TEACUP AND SAUCER",0.027304511904101228,0.5146443514644352,16.099612099023712
"GREEN REGENCY TEACUP AND SAUCER, PINK REGENCY TEACUP AND SAUCER",ROSES REGENCY TEACUP AND SAUCER ,0.027304511904101228,0.8541666666666667,16.099612099023712
PINK REGENCY TEACUP AND SAUCER,GREEN REGENCY TEACUP AND SAUCER,0.03196625783894778,0.8205128205128205,15.86354132276879
GREEN REGENCY TEACUP AND SAUCER,PINK REGENCY TEACUP AND SAUCER,0.03196625783894778,0.6180257510729613,15.86354132276879
DOLLY GIRL LUNCH BOX,SPACEBOY LUNCH BOX ,0.023641711526721794,0.609442060085837,15.665529929652921
SPACEBOY LUNCH BOX ,DOLLY GIRL LUNCH BOX,0.023641711526721794,0.6077032810271041,15.66552992965292
STRAWBERRY CHARLOTTE BAG,WOODLAND CHARLOTTE BAG,0.02075586880515012,0.5557206537890045,14.704156329844452
WOODLAND CHARLOTTE BAG,STRAWBERRY CHARLOTTE BAG,0.02075586880515012,0.5491923641703378,14.704156329844452
PINK REGENCY TEACUP AND SAUCER,ROSES REGENCY TEACUP AND SAUCER ,0.03024585160108774,0.7763532763532763,14.63295992323189
ROSES REGENCY TEACUP AND SAUCER ,PINK REGENCY TEACUP AND SAUCER,0.03024585160108774,0.5700836820083682,14.63295992323189
GARDENERS KNEELING PAD CUP OF TEA ,GARDENERS KNEELING PAD KEEP CALM ,0.03002386369942838,0.7213333333333334,14.474059391239793
GARDENERS KNEELING PAD KEEP CALM ,GARDENERS KNEELING PAD CUP OF TEA ,0.03002386369942838,0.6024498886414253,14.474059391239791
CHARLOTTE BAG PINK POLKADOT,STRAWBERRY CHARLOTTE BAG,0.02008990510017204,0.537890044576523,14.40154637923383
STRAWBERRY CHARLOTTE BAG,CHARLOTTE BAG PINK POLKADOT,0.02008990510017204,0.537890044576523,14.40154637923383
CHARLOTTE BAG PINK POLKADOT,RED RETROSPOT CHARLOTTE BAG,0.02658305122370831,0.711738484398217,14.202453765638396
RED RETROSPOT CHARLOTTE BAG,CHARLOTTE BAG PINK POLKADOT,0.02658305122370831,0.530454042081949,14.202453765638394
GREEN REGENCY TEACUP AND SAUCER,ROSES REGENCY TEACUP AND SAUCER ,0.03884788279038792,0.7510729613733905,14.156468296011637
ROSES REGENCY TEACUP AND SAUCER ,GREEN REGENCY TEACUP AND SAUCER,0.03884788279038792,0.7322175732217573,14.156468296011635
JUMBO BAG APPLES,JUMBO BAG PEARS,0.020644874854320438,0.42033898305084744,13.821328714586167
JUMBO BAG PEARS,JUMBO BAG APPLES,0.020644874854320438,0.6788321167883211,13.821328714586167
WOODLAND CHARLOTTE BAG,CHARLOTTE BAG SUKI DESIGN,0.022920250846328875,0.6064610866372981,13.591818806116262
CHARLOTTE BAG SUKI DESIGN,WOODLAND CHARLOTTE BAG,0.022920250846328875,0.5136815920398009,13.59181880611626
STRAWBERRY CHARLOTTE BAG,RED RETROSPOT CHARLOTTE BAG,0.02541761473999667,0.6805349182763744,13.579799216414163
RED RETROSPOT CHARLOTTE BAG,STRAWBERRY CHARLOTTE BAG,0.02541761473999667,0.5071982281284606,13.579799216414163
HOT WATER BOTTLE I AM SO POORLY,CHOCOLATE HOT WATER BOTTLE,0.02103335368222432,0.5968503937007874,13.115423468407913
CHOCOLATE HOT WATER BOTTLE,HOT WATER BOTTLE I AM SO POORLY,0.02103335368222432,0.46219512195121953,13.115423468407913
CHARLOTTE BAG SUKI DESIGN,STRAWBERRY CHARLOTTE BAG,0.021810311338032077,0.4888059701492537,13.087362223060033
STRAWBERRY CHARLOTTE BAG,CHARLOTTE BAG SUKI DESIGN,0.021810311338032077,0.5839524517087666,13.087362223060031
CHARLOTTE BAG SUKI DESIGN,CHARLOTTE BAG PINK POLKADOT,0.02131083855929852,0.47761194029850745,12.787651637799117
CHARLOTTE BAG PINK POLKADOT,CHARLOTTE BAG SUKI DESIGN,0.02131083855929852,0.5705794947994056,12.787651637799115
RED RETROSPOT CHARLOTTE BAG,WOODLAND CHARLOTTE BAG,0.023863699428381152,0.47619047619047616,12.599818194531851
WOODLAND CHARLOTTE BAG,RED RETROSPOT CHARLOTTE BAG,0.023863699428381152,0.631424375917768,12.599818194531851
JUMBO BAG WOODLAND ANIMALS,DOTCOM POSTAGE,0.0200344081247572,0.49115646258503404,12.535620820566187
DOTCOM POSTAGE,JUMBO BAG WOODLAND ANIMALS,0.0200344081247572,0.5113314447592068,12.535620820566187
ALARM CLOCK BAKELIKE GREEN,ALARM CLOCK BAKELIKE RED ,0.031244797158554858,0.6426940639269406,12.452370255805961
ALARM CLOCK BAKELIKE RED ,ALARM CLOCK BAKELIKE GREEN,0.031244797158554858,0.6053763440860215,12.45237025580596
CHARLOTTE BAG SUKI DESIGN,RED RETROSPOT CHARLOTTE BAG,0.026361063322048947,0.5907960199004975,11.789095772521664
RED RETROSPOT CHARLOTTE BAG,CHARLOTTE BAG SUKI DESIGN,0.026361063322048947,0.5260243632336655,11.789095772521664
ALARM CLOCK BAKELIKE PINK,ALARM CLOCK BAKELIKE RED ,0.021810311338032077,0.5990853658536586,11.607440007867822
ALARM CLOCK BAKELIKE RED ,ALARM CLOCK BAKELIKE PINK,0.021810311338032077,0.42258064516129035,11.60744000786782
PAPER CHAIN KIT 50'S CHRISTMAS ,PAPER CHAIN KIT VINTAGE CHRISTMAS,0.02985737277318386,0.4782222222222222,10.771357777777778
PAPER CHAIN KIT VINTAGE CHRISTMAS,PAPER CHAIN KIT 50'S CHRISTMAS ,0.02985737277318386,0.6725,10.771357777777778
WOODEN FRAME ANTIQUE WHITE ,WOODEN PICTURE FRAME WHITE FINISH,0.029302403019035462,0.5605095541401274,9.386451353207208
WOODEN PICTURE FRAME WHITE FINISH,WOODEN FRAME ANTIQUE WHITE ,0.029302403019035462,0.49070631970260226,9.386451353207208
JUMBO STORAGE BAG SUKI,"JUMBO BAG RED RETROSPOT, JUMBO SHOPPER VINTAGE RED PAISLEY",0.02131083855929852,0.3398230088495576,9.320046874368611
"JUMBO BAG RED RETROSPOT, JUMBO SHOPPER VINTAGE RED PAISLEY",JUMBO STORAGE BAG SUKI,0.02131083855929852,0.5844748858447488,9.320046874368611
JUMBO STORAGE BAG SUKI,JUMBO BAG WOODLAND ANIMALS,0.023586214551306953,0.37610619469026546,9.22048642465836
JUMBO BAG WOODLAND ANIMALS,JUMBO STORAGE BAG SUKI,0.023586214551306953,0.5782312925170068,9.22048642465836
"JUMBO STORAGE BAG SUKI, JUMBO BAG RED RETROSPOT",JUMBO BAG PINK POLKADOT,0.022476275043010155,0.5802292263610315,9.020837299222974
JUMBO BAG PINK POLKADOT,"JUMBO STORAGE BAG SUKI, JUMBO BAG RED RETROSPOT",0.022476275043010155,0.34943917169974115,9.020837299222974
JUMBO STORAGE BAG SUKI,DOTCOM POSTAGE,0.021921305288861756,0.3495575221238938,8.921638797663515
DOTCOM POSTAGE,JUMBO STORAGE BAG SUKI,0.021921305288861756,0.5594900849858356,8.921638797663515
JUMBO BAG APPLES,JUMBO BAG ALPHABET,0.02036738997724624,0.41468926553672314,8.811657872295063
JUMBO BAG ALPHABET,JUMBO BAG APPLES,0.02036738997724624,0.4327830188679245,8.811657872295063
"JUMBO STORAGE BAG SUKI, JUMBO BAG RED RETROSPOT",JUMBO SHOPPER VINTAGE RED PAISLEY,0.02131083855929852,0.5501432664756447,8.749365859333313
JUMBO SHOPPER VINTAGE RED PAISLEY,"JUMBO STORAGE BAG SUKI, JUMBO BAG RED RETROSPOT",0.02131083855929852,0.3389232127096205,8.749365859333311
PACK OF 72 RETROSPOT CAKE CASES,60 TEATIME FAIRY CAKE CASES,0.022698262944669517,0.3622674933569531,8.668921597342546
60 TEATIME FAIRY CAKE CASES,PACK OF 72 RETROSPOT CAKE CASES,0.022698262944669517,0.5431606905710491,8.668921597342544
JUMBO BAG PINK POLKADOT,"JUMBO BAG RED RETROSPOT, JUMBO SHOPPER VINTAGE RED PAISLEY",0.0203118930018314,0.3157894736842105,8.660898822398462
"JUMBO BAG RED RETROSPOT, JUMBO SHOPPER VINTAGE RED PAISLEY",JUMBO BAG PINK POLKADOT,0.0203118930018314,0.5570776255707762,8.660898822398462
JUMBO STORAGE BAG SKULLS,JUMBO STORAGE BAG SUKI,0.02025639602641656,0.5336257309941521,8.509205351135954
JUMBO STORAGE BAG SUKI,JUMBO STORAGE BAG SKULLS,0.02025639602641656,0.3230088495575221,8.509205351135952
JUMBO BAG WOODLAND ANIMALS,JUMBO BAG PINK POLKADOT,0.022032299239691435,0.5401360544217687,8.397507821074935
JUMBO BAG PINK POLKADOT,JUMBO BAG WOODLAND ANIMALS,0.022032299239691435,0.34253666954270917,8.397507821074935
LUNCH BAG WOODLAND,LUNCH BAG SPACEBOY DESIGN ,0.023253232698817915,0.4816091954022989,8.360420127123337
LUNCH BAG SPACEBOY DESIGN ,LUNCH BAG WOODLAND,0.023253232698817915,0.40366088631984587,8.360420127123337
JUMBO STORAGE BAG SUKI,"JUMBO BAG PINK POLKADOT, JUMBO BAG RED RETROSPOT",0.022476275043010155,0.3584070796460177,8.226926328842794
"JUMBO BAG PINK POLKADOT, JUMBO BAG RED RETROSPOT",JUMBO STORAGE BAG SUKI,0.022476275043010155,0.5159235668789809,8.226926328842794
HEART OF WICKER LARGE,HEART OF WICKER SMALL,0.026805039125367667,0.5284463894967176,8.180477227097384
HEART OF WICKER SMALL,HEART OF WICKER LARGE,0.026805039125367667,0.4149484536082474,8.180477227097384
DOTCOM POSTAGE,JUMBO SHOPPER VINTAGE RED PAISLEY,0.02014540207558688,0.5141643059490085,8.177163838389395
JUMBO SHOPPER VINTAGE RED PAISLEY,DOTCOM POSTAGE,0.02014540207558688,0.32038834951456313,8.177163838389395
JUMBO BAG WOODLAND ANIMALS,JUMBO SHOPPER VINTAGE RED PAISLEY,0.02075586880515012,0.508843537414966,8.092543425137046
JUMBO SHOPPER VINTAGE RED PAISLEY,JUMBO BAG WOODLAND ANIMALS,0.02075586880515012,0.3300970873786408,8.092543425137046
LUNCH BAG APPLE DESIGN,LUNCH BAG SUKI DESIGN ,0.023197735723403074,0.4568306010928962,8.062321842402445
LUNCH BAG SUKI DESIGN ,LUNCH BAG APPLE DESIGN,0.023197735723403074,0.40940254652301666,8.062321842402445
LUNCH BAG PINK POLKADOT,LUNCH BAG CARS BLUE,0.026083578444974748,0.46719681908548705,7.904619232959053
LUNCH BAG CARS BLUE,LUNCH BAG PINK POLKADOT,0.026083578444974748,0.4413145539906103,7.904619232959053
LUNCH BAG WOODLAND,LUNCH BAG CARS BLUE,0.022476275043010155,0.46551724137931033,7.876202039825158
LUNCH BAG CARS BLUE,LUNCH BAG WOODLAND,0.022476275043010155,0.38028169014084506,7.876202039825158
JUMBO BAG PINK VINTAGE PAISLEY,JUMBO SHOPPER VINTAGE RED PAISLEY,0.022254287141350797,0.49202453987730066,7.825057532258677
JUMBO SHOPPER VINTAGE RED PAISLEY,JUMBO BAG PINK VINTAGE PAISLEY,0.022254287141350797,0.353927625772286,7.825057532258676
PACK OF 60 PINK PAISLEY CAKE CASES,PACK OF 72 RETROSPOT CAKE CASES,0.02103335368222432,0.48527528809218956,7.745062370357098
PACK OF 72 RETROSPOT CAKE CASES,PACK OF 60 PINK PAISLEY CAKE CASES,0.02103335368222432,0.3356953055801594,7.745062370357097
LUNCH BAG PINK POLKADOT,LUNCH BAG  BLACK SKULL.,0.028969421166546425,0.5188866799204772,7.688995958459768
LUNCH BAG  BLACK SKULL.,LUNCH BAG PINK POLKADOT,0.028969421166546425,0.4292763157894737,7.688995958459768
JAM MAKING SET WITH JARS,JAM MAKING SET PRINTED,0.023308729674232753,0.4204204204204204,7.515432098765431
JAM MAKING SET PRINTED,JAM MAKING SET WITH JARS,0.023308729674232753,0.41666666666666663,7.515432098765431
"JUMBO BAG PINK POLKADOT, JUMBO SHOPPER VINTAGE RED PAISLEY",JUMBO BAG RED RETROSPOT,0.0203118930018314,0.8061674008810572,7.507147491718745
LUNCH BAG WOODLAND,LUNCH BAG PINK POLKADOT,0.02020089905100172,0.41839080459770117,7.494019789310117
LUNCH BAG PINK POLKADOT,LUNCH BAG WOODLAND,0.02020089905100172,0.36182902584493043,7.494019789310117
"JUMBO BAG PINK POLKADOT, JUMBO STORAGE BAG SUKI",JUMBO BAG RED RETROSPOT,0.022476275043010155,0.801980198019802,7.4681556527745805
JUMBO SHOPPER VINTAGE RED PAISLEY,"JUMBO BAG PINK POLKADOT, JUMBO BAG RED RETROSPOT",0.0203118930018314,0.32303618711385707,7.415017905228778
"JUMBO BAG PINK POLKADOT, JUMBO BAG RED RETROSPOT",JUMBO SHOPPER VINTAGE RED PAISLEY,0.0203118930018314,0.4662420382165605,7.415017905228777
LUNCH BAG CARS BLUE,LUNCH BAG SPACEBOY DESIGN ,0.02519562683833731,0.4262910798122066,7.400133879707274
LUNCH BAG SPACEBOY DESIGN ,LUNCH BAG CARS BLUE,0.02519562683833731,0.4373795761078998,7.4001338797072735
LUNCH BAG CARS BLUE,LUNCH BAG SUKI DESIGN ,0.024640657084188913,0.4169014084507043,7.357636120345975
LUNCH BAG SUKI DESIGN ,LUNCH BAG CARS BLUE,0.024640657084188913,0.4348677766895201,7.357636120345974
JUMBO STORAGE BAG SUKI,JUMBO  BAG BAROQUE BLACK WHITE,0.023253232698817915,0.3707964601769912,7.342177380141983
JUMBO  BAG BAROQUE BLACK WHITE,JUMBO STORAGE BAG SUKI,0.023253232698817915,0.46043956043956047,7.342177380141982
LUNCH BAG SUKI DESIGN ,LUNCH BAG  BLACK SKULL.,0.027692990732005106,0.4887365328109697,7.242223342698077
LUNCH BAG  BLACK SKULL.,LUNCH BAG SUKI DESIGN ,0.027692990732005106,0.41036184210526316,7.242223342698077
JUMBO SHOPPER VINTAGE RED PAISLEY,JUMBO  BAG BAROQUE BLACK WHITE,0.022975747821743716,0.3654015887025596,7.2353529965180465
JUMBO  BAG BAROQUE BLACK WHITE,JUMBO SHOPPER VINTAGE RED PAISLEY,0.022975747821743716,0.454945054945055,7.2353529965180465
LUNCH BAG SPACEBOY DESIGN ,LUNCH BAG SUKI DESIGN ,0.023586214551306953,0.40944123314065506,7.2259760822345385
LUNCH BAG SUKI DESIGN ,LUNCH BAG SPACEBOY DESIGN ,0.023586214551306953,0.41625857002938293,7.2259760822345385
SET OF 6 SPICE TINS PANTRY DESIGN,SET OF 3 CAKE TINS PANTRY DESIGN ,0.021255341583883678,0.4974025974025974,7.2221574557593895
SET OF 3 CAKE TINS PANTRY DESIGN ,SET OF 6 SPICE TINS PANTRY DESIGN,0.021255341583883678,0.3086220789685737,7.222157455759389
JUMBO STORAGE BAG SUKI,JUMBO SHOPPER VINTAGE RED PAISLEY,0.028469948387812864,0.4539823008849558,7.22004155308563
JUMBO SHOPPER VINTAGE RED PAISLEY,JUMBO STORAGE BAG SUKI,0.028469948387812864,0.4527802294792586,7.22004155308563
LUNCH BAG WOODLAND,LUNCH BAG  BLACK SKULL.,0.023364226649647594,0.48390804597701154,7.170673585904416
LUNCH BAG  BLACK SKULL.,LUNCH BAG WOODLAND,0.023364226649647594,0.34621710526315785,7.1706735859044155
LUNCH BAG PINK POLKADOT,LUNCH BAG RED RETROSPOT,0.0307453243798213,0.5506958250497018,7.128583384748978
LUNCH BAG RED RETROSPOT,LUNCH BAG PINK POLKADOT,0.0307453243798213,0.39798850574712646,7.128583384748978
LUNCH BAG  BLACK SKULL.,LUNCH BAG CARS BLUE,0.027914978633664465,0.4136513157894736,6.998669539164813
LUNCH BAG CARS BLUE,LUNCH BAG  BLACK SKULL.,0.027914978633664465,0.4723004694835681,6.998669539164813
"JUMBO STORAGE BAG SUKI, JUMBO SHOPPER VINTAGE RED PAISLEY",JUMBO BAG RED RETROSPOT,0.02131083855929852,0.7485380116959065,6.970494280490201
JUMBO  BAG BAROQUE BLACK WHITE,JUMBO BAG PINK POLKADOT,0.022587268993839837,0.44725274725274733,6.953448880713765
JUMBO BAG PINK POLKADOT,JUMBO  BAG BAROQUE BLACK WHITE,0.022587268993839837,0.3511647972389991,6.953448880713764
JUMBO STORAGE BAG SUKI,JUMBO BAG PINK POLKADOT,0.028025972584494144,0.4469026548672566,6.948005986240808
JUMBO BAG PINK POLKADOT,JUMBO STORAGE BAG SUKI,0.028025972584494144,0.43572044866264015,6.948005986240808
JUMBO BAG PINK VINTAGE PAISLEY,JUMBO BAG PINK POLKADOT,0.02020089905100172,0.4466257668711657,6.943701202115215
JUMBO BAG PINK POLKADOT,JUMBO BAG PINK VINTAGE PAISLEY,0.02020089905100172,0.31406384814495253,6.943701202115214
LUNCH BAG  BLACK SKULL.,LUNCH BAG SPACEBOY DESIGN ,0.026805039125367667,0.397203947368421,6.895200315637359
LUNCH BAG SPACEBOY DESIGN ,LUNCH BAG  BLACK SKULL.,0.026805039125367667,0.46531791907514447,6.895200315637358
LUNCH BAG PINK POLKADOT,LUNCH BAG SUKI DESIGN ,0.021643820411787557,0.38767395626242546,6.8418188226176735
LUNCH BAG SUKI DESIGN ,LUNCH BAG PINK POLKADOT,0.021643820411787557,0.3819784524975514,6.841818822617673
LUNCH BAG SPACEBOY DESIGN ,LUNCH BAG PINK POLKADOT,0.021865808313446918,0.37957610789980734,6.798789153326669
LUNCH BAG PINK POLKADOT,LUNCH BAG SPACEBOY DESIGN ,0.021865808313446918,0.39165009940357853,6.798789153326668
LUNCH BAG WOODLAND,LUNCH BAG RED RETROSPOT,0.02530662078916699,0.5241379310344828,6.7847998414585815
LUNCH BAG RED RETROSPOT,LUNCH BAG WOODLAND,0.02530662078916699,0.3275862068965517,6.7847998414585815
LUNCH BAG SUKI DESIGN ,LUNCH BAG RED RETROSPOT,0.028636439314057384,0.505386875612145,6.542073356074168
LUNCH BAG RED RETROSPOT,LUNCH BAG SUKI DESIGN ,0.028636439314057384,0.3706896551724138,6.542073356074167
JUMBO BAG APPLES,JUMBO STORAGE BAG SUKI,0.0200344081247572,0.40790960451977404,6.504533773311335
JUMBO STORAGE BAG SUKI,JUMBO BAG APPLES,0.0200344081247572,0.3194690265486726,6.504533773311335
LUNCH BAG RED RETROSPOT,LUNCH BAG  BLACK SKULL.,0.033686664076807815,0.43606321839080464,6.461696654756503
LUNCH BAG  BLACK SKULL.,LUNCH BAG RED RETROSPOT,0.033686664076807815,0.49917763157894735,6.461696654756503
LUNCH BAG  BLACK SKULL.,LUNCH BAG APPLE DESIGN,0.022032299239691435,0.3264802631578947,6.429341925510497
LUNCH BAG APPLE DESIGN,LUNCH BAG  BLACK SKULL.,0.022032299239691435,0.433879781420765,6.429341925510497
DOTCOM POSTAGE,JUMBO BAG RED RETROSPOT,0.026916033076197346,0.6869688385269122,6.397153230706166
JUMBO BAG RED RETROSPOT,JUMBO BAG PINK POLKADOT,0.04356512570064931,0.40568475452196384,6.307190329362611
JUMBO BAG PINK POLKADOT,JUMBO BAG RED RETROSPOT,0.04356512570064931,0.6773080241587575,6.30719032936261
JUMBO BAG SCANDINAVIAN BLUE PAISLEY,JUMBO BAG RED RETROSPOT,0.023752705477551473,0.6740157480314961,6.27653217766384
LUNCH BAG SPACEBOY DESIGN ,LUNCH BAG RED RETROSPOT,0.027803984682834786,0.48265895953757226,6.247867666600226
LUNCH BAG RED RETROSPOT,LUNCH BAG SPACEBOY DESIGN ,0.027803984682834786,0.3599137931034483,6.247867666600226
JUMBO SHOPPER VINTAGE RED PAISLEY,JUMBO BAG PINK POLKADOT,0.02519562683833731,0.40070609002647845,6.229786916468607
JUMBO BAG PINK POLKADOT,JUMBO SHOPPER VINTAGE RED PAISLEY,0.02519562683833731,0.3917169974115617,6.229786916468606
LUNCH BAG CARS BLUE,LUNCH BAG RED RETROSPOT,0.028247960486153505,0.47793427230046953,6.186708083751552
LUNCH BAG RED RETROSPOT,LUNCH BAG CARS BLUE,0.028247960486153505,0.3656609195402299,6.186708083751552
LUNCH BAG RED RETROSPOT,LUNCH BAG APPLE DESIGN,0.023919196403795993,0.3096264367816092,6.097441272533133
LUNCH BAG APPLE DESIGN,LUNCH BAG RED RETROSPOT,0.023919196403795993,0.47103825136612026,6.097441272533133
JUMBO BAG STRAWBERRY,JUMBO BAG RED RETROSPOT,0.028636439314057384,0.6539923954372624,6.090071820870301
JUMBO BAG WOODLAND ANIMALS,JUMBO BAG RED RETROSPOT,0.02630556634663411,0.6448979591836735,6.005383114486105
JUMBO BAG SPACEBOY DESIGN,JUMBO BAG RED RETROSPOT,0.021643820411787557,0.6270096463022508,5.838804556444577
JUMBO  BAG BAROQUE BLACK WHITE,JUMBO BAG RED RETROSPOT,0.031633275986458737,0.6263736263736264,5.832881846835336
JUMBO STORAGE BAG SUKI,JUMBO BAG RED RETROSPOT,0.038736888839558246,0.6176991150442479,5.752103542109718
JUMBO BAG RED RETROSPOT,JUMBO STORAGE BAG SUKI,0.038736888839558246,0.36072351421188636,5.752103542109717
JUMBO BAG OWLS,JUMBO BAG RED RETROSPOT,0.02053388090349076,0.59967585089141,5.584268298300938
JUMBO BAG PINK VINTAGE PAISLEY,JUMBO BAG RED RETROSPOT,0.027082524002441866,0.5987730061349693,5.575860877284761
RED HANGING HEART T-LIGHT HOLDER,WHITE HANGING HEART T-LIGHT HOLDER,0.02597258449414507,0.6647727272727273,5.540490181649988
JUMBO STORAGE BAG SKULLS,JUMBO BAG RED RETROSPOT,0.022476275043010155,0.5921052631578948,5.513769889840882
JUMBO BAG RED RETROSPOT,JUMBO SHOPPER VINTAGE RED PAISLEY,0.03646151284754981,0.33953488372093027,5.399893265461115
JUMBO SHOPPER VINTAGE RED PAISLEY,JUMBO BAG RED RETROSPOT,0.03646151284754981,0.5798764342453664,5.399893265461115
JUMBO BAG APPLES,JUMBO BAG RED RETROSPOT,0.028192463510738664,0.5740112994350283,5.345276281405568
RECYCLING BAG RETROSPOT ,JUMBO BAG RED RETROSPOT,0.022309784116765638,0.5661971830985916,5.272510099355825
RECIPE BOX PANTRY YELLOW DESIGN,SET OF 3 CAKE TINS PANTRY DESIGN ,0.0205893778789056,0.36124634858812077,5.245203831756122
GREEN REGENCY TEACUP AND SAUCER,REGENCY CAKESTAND 3 TIER,0.02519562683833731,0.4871244635193133,5.2091962659670665
RED RETROSPOT CHARLOTTE BAG,LUNCH BAG RED RETROSPOT,0.0200344081247572,0.3997785160575858,5.175006523593131
ROSES REGENCY TEACUP AND SAUCER ,REGENCY CAKESTAND 3 TIER,0.02519562683833731,0.4748953974895398,5.07842146431099
SPOTTY BUNTING,PARTY BUNTING,0.025084632887507632,0.4346153846153847,4.916092037278478
JUMBO BAG VINTAGE LEAF,JUMBO BAG RED RETROSPOT,0.022420778067595317,0.4950980392156863,4.610424583270001
JUMBO BAG ALPHABET,JUMBO BAG RED RETROSPOT,0.022032299239691435,0.46816037735849053,4.359577178099556
RED RETROSPOT CHARLOTTE BAG,JUMBO BAG RED RETROSPOT,0.021366335534713357,0.4263565891472868,3.970294253149851
LUNCH BAG RED RETROSPOT,JUMBO BAG RED RETROSPOT,0.029468893945279982,0.38146551724137934,3.552262095696338
WOODEN PICTURE FRAME WHITE FINISH,WHITE HANGING HEART T-LIGHT HOLDER,0.022420778067595317,0.37546468401486993,3.1292775861535342
NATURAL SLATE HEART CHALKBOARD ,WHITE HANGING HEART T-LIGHT HOLDER,0.022753759920084354,0.3363412633305988,2.8032068565929973
LUNCH BAG  BLACK SKULL.,JUMBO BAG RED RETROSPOT,0.02025639602641656,0.3001644736842105,2.795175013599891
HEART OF WICKER SMALL,WHITE HANGING HEART T-LIGHT HOLDER,0.020811365780564958,0.3221649484536082,2.685055599530789
